create or replace procedure EBA_DEMO_IR_DATA
as
begin
delete from EBA_DEMO_IR_PROJECTS;

  insert into eba_demo_ir_projects (project,task_name,start_date,end_date,status,assigned_to,cost,budget) values ('ACME Web Express Configuration','Identify server requirements',to_date('12/20/2015','MM/DD/YYYY'),to_date('12/21/2015','MM/DD/YYYY'),'Closed','John Watson','200','500');
  insert into eba_demo_ir_projects (project,task_name,start_date,end_date,status,assigned_to,cost,budget) values ('ACME Web Express Configuration','Determine Web listener configuration(s)',to_date('12/22/2015','MM/DD/YYYY'),to_date('12/22/2015','MM/DD/YYYY'),'Closed','James Cassidy','600','500');
  insert into eba_demo_ir_projects (project,task_name,start_date,end_date,status,assigned_to,cost,budget) values ('ACME Web Express Configuration','Run installation',to_date('12/25/2015','MM/DD/YYYY'),to_date('12/25/2015','MM/DD/YYYY'),'Closed','James Cassidy','200','200');
  insert into eba_demo_ir_projects (project,task_name,start_date,end_date,status,assigned_to,cost,budget) values ('ACME Web Express Configuration','Create pilot workspace',to_date('12/27/2015','MM/DD/YYYY'),to_date('12/27/2015','MM/DD/YYYY'),'Closed','John Watson','100','100');
  insert into eba_demo_ir_projects (project,task_name,start_date,end_date,status,assigned_to,cost,budget) values ('ACME Web Express Configuration','Specify security authentication scheme(s)',to_date('01/01/2015','MM/DD/YYYY'),to_date('01/01/2015','MM/DD/YYYY'),'Open','John Watson','200','300');
  insert into eba_demo_ir_projects (project,task_name,start_date,end_date,status,assigned_to,cost,budget) values ('ACME Web Express Configuration','Configure Workspace provisioning',to_date('01/02/2015','MM/DD/YYYY'),to_date('01/02/2015','MM/DD/YYYY'),'Open','John Watson','200','100');
  insert into eba_demo_ir_projects (project,task_name,start_date,end_date,status,assigned_to,cost,budget) values ('ACME Web Express Configuration','Select servers for Development, Test, Production',to_date('01/05/2015','MM/DD/YYYY'),to_date('01/07/2015','MM/DD/YYYY'),'Open','James Cassidy','200','600');
  insert into eba_demo_ir_projects (project,task_name,start_date,end_date,status,assigned_to,cost,budget) values ('Bug Tracker','Document quality assurance procedures',to_date('11/05/2015','MM/DD/YYYY'),to_date('11/08/2015','MM/DD/YYYY'),'Closed','Myra Sutcliff','3000','2000');
  insert into eba_demo_ir_projects (project,task_name,start_date,end_date,status,assigned_to,cost,budget) values ('Bug Tracker','Review automated testing tools',to_date('11/09/2015','MM/DD/YYYY'),to_date('11/11/2015','MM/DD/YYYY'),'Closed','Myra Sutcliff','750','1500');
  insert into eba_demo_ir_projects (project,task_name,start_date,end_date,status,assigned_to,cost,budget) values ('Bug Tracker','Implement bug tracking software',to_date('11/24/2015','MM/DD/YYYY'),to_date('11/24/2015','MM/DD/YYYY'),'Closed','Myra Sutcliff','100','100');
  insert into eba_demo_ir_projects (project,task_name,start_date,end_date,status,assigned_to,cost,budget) values ('Bug Tracker','Train developers on tracking bugs',to_date('12/01/2015','MM/DD/YYYY'),to_date('12/06/2015','MM/DD/YYYY'),'On-Hold','Myra Sutcliff','1000','2000');
  insert into eba_demo_ir_projects (project,task_name,start_date,end_date,status,assigned_to,cost,budget) values ('Bug Tracker','Measure effectiveness of improved QA',to_date('12/13/2015','MM/DD/YYYY'),to_date('12/13/2015','MM/DD/YYYY'),'Pending','Myra Sutcliff','0','500');
  insert into eba_demo_ir_projects (project,task_name,start_date,end_date,status,assigned_to,cost,budget) values ('Convert Spreadsheets','Collect mission-critical spreadsheets',to_date('12/19/2015','MM/DD/YYYY'),to_date('12/20/2015','MM/DD/YYYY'),'Closed','Pam King','2500','4000');
  insert into eba_demo_ir_projects (project,task_name,start_date,end_date,status,assigned_to,cost,budget) values ('Convert Spreadsheets','Lock spreadsheets',to_date('12/22/2015','MM/DD/YYYY'),to_date('12/22/2015','MM/DD/YYYY'),'Closed','Pam King','300','800');
  insert into eba_demo_ir_projects (project,task_name,start_date,end_date,status,assigned_to,cost,budget) values ('Convert Spreadsheets','Create ACME Web Express applications from spreadsheets',to_date('12/30/2015','MM/DD/YYYY'),to_date('01/03/2016','MM/DD/YYYY'),'Open','Pam King','6000','10000');
  insert into eba_demo_ir_projects (project,task_name,start_date,end_date,status,assigned_to,cost,budget) values ('Convert Spreadsheets','Send links to previous spreadsheet owners',to_date('01/05/2016','MM/DD/YYYY'),to_date('01/05/2016','MM/DD/YYYY'),'Pending','Pam King','0','500');
  insert into eba_demo_ir_projects (project,task_name,start_date,end_date,status,assigned_to,cost,budget) values ('Discussion Forum','Identify owners',to_date('11/25/2015','MM/DD/YYYY'),to_date('11/25/2015','MM/DD/YYYY'),'Closed','Hank Davis','250','300');
  insert into eba_demo_ir_projects (project,task_name,start_date,end_date,status,assigned_to,cost,budget) values ('Discussion Forum','Install ACME Web Express application on internet server',to_date('12/01/2015','MM/DD/YYYY'),to_date('12/01/2015','MM/DD/YYYY'),'Closed','Hank Davis','100','100');
  insert into eba_demo_ir_projects (project,task_name,start_date,end_date,status,assigned_to,cost,budget) values ('Discussion Forum','Monitor participation',to_date('12/31/2015','MM/DD/YYYY'),to_date('01/01/2016','MM/DD/YYYY'),'Open','Hank Davis','450','500');
  insert into eba_demo_ir_projects (project,task_name,start_date,end_date,status,assigned_to,cost,budget) values ('Email Integration','Complete plan',to_date('12/12/2015','MM/DD/YYYY'),to_date('12/13/2015','MM/DD/YYYY'),'Closed','Bob Nile','3000','1500');
  insert into eba_demo_ir_projects (project,task_name,start_date,end_date,status,assigned_to,cost,budget) values ('Email Integration','Check software licenses',to_date('12/15/2015','MM/DD/YYYY'),to_date('12/15/2015','MM/DD/YYYY'),'Closed','Bob Nile','200','200');
  insert into eba_demo_ir_projects (project,task_name,start_date,end_date,status,assigned_to,cost,budget) values ('Email Integration','Get RFPs for new server',to_date('12/29/2015','MM/DD/YYYY'),to_date('12/30/2015','MM/DD/YYYY'),'Closed','Bob Nile','2000','1000');
  insert into eba_demo_ir_projects (project,task_name,start_date,end_date,status,assigned_to,cost,budget) values ('Email Integration','Purchase backup server',to_date('01/15/2016','MM/DD/YYYY'),to_date('01/17/2016','MM/DD/YYYY'),'Pending','Bob Nile','0','3000');
  insert into eba_demo_ir_projects (project,task_name,start_date,end_date,status,assigned_to,cost,budget) values ('Employee Satisfaction Survey','Complete questionnaire',to_date('12/05/2015','MM/DD/YYYY'),to_date('12/06/2015','MM/DD/YYYY'),'Closed','Irene Jones','1200','800');
  insert into eba_demo_ir_projects (project,task_name,start_date,end_date,status,assigned_to,cost,budget) values ('Employee Satisfaction Survey','Review with legal',to_date('12/07/2015','MM/DD/YYYY'),to_date('12/07/2015','MM/DD/YYYY'),'On-Hold','Irene Jones','200','400');
  insert into eba_demo_ir_projects (project,task_name,start_date,end_date,status,assigned_to,cost,budget) values ('Employee Satisfaction Survey','Plan rollout schedule',to_date('12/08/2015','MM/DD/YYYY'),to_date('12/08/2015','MM/DD/YYYY'),'On-Hold','Irene Jones','0','750');
  insert into eba_demo_ir_projects (project,task_name,start_date,end_date,status,assigned_to,cost,budget) values ('Client Server Conversion','Identify pilot Client Server applications',to_date('12/17/2015','MM/DD/YYYY'),to_date('12/17/2015','MM/DD/YYYY'),'Closed','Scott Spencer','200','200');
  insert into eba_demo_ir_projects (project,task_name,start_date,end_date,status,assigned_to,cost,budget) values ('Client Server Conversion','Migrate pilot Client Server to ACME Web Express',to_date('12/19/2015','MM/DD/YYYY'),to_date('12/22/2015','MM/DD/YYYY'),'Closed','Scott Spencer','4500','5000');
  insert into eba_demo_ir_projects (project,task_name,start_date,end_date,status,assigned_to,cost,budget) values ('Client Server Conversion','Post-migration review',to_date('12/23/2015','MM/DD/YYYY'),to_date('12/23/2015','MM/DD/YYYY'),'Closed','Pam King','500','300');
  insert into eba_demo_ir_projects (project,task_name,start_date,end_date,status,assigned_to,cost,budget) values ('Client Server Conversion','Plan migration schedule',to_date('12/26/2015','MM/DD/YYYY'),to_date('12/26/2015','MM/DD/YYYY'),'Closed','Pam King','1000','1000');
  insert into eba_demo_ir_projects (project,task_name,start_date,end_date,status,assigned_to,cost,budget) values ('Client Server Conversion','Migrate Client Server applications',to_date('12/31/2015','MM/DD/YYYY'),to_date('01/03/2016','MM/DD/YYYY'),'Open','Pam King','300','12000');
  insert into eba_demo_ir_projects (project,task_name,start_date,end_date,status,assigned_to,cost,budget) values ('Client Server Conversion','Test migrated applications',to_date('01/05/2016','MM/DD/YYYY'),to_date('01/06/2016','MM/DD/YYYY'),'Pending','Russ Saunders','0','6000');
  insert into eba_demo_ir_projects (project,task_name,start_date,end_date,status,assigned_to,cost,budget) values ('Client Server Conversion','User acceptance testing',to_date('01/09/2016','MM/DD/YYYY'),to_date('01/11/2016','MM/DD/YYYY'),'Pending','Russ Saunders','0','2500');
  insert into eba_demo_ir_projects (project,task_name,start_date,end_date,status,assigned_to,cost,budget) values ('Client Server Conversion','End-user Training',to_date('01/15/2016','MM/DD/YYYY'),to_date('01/15/2016','MM/DD/YYYY'),'Pending','Myra Sutcliff','0','2500');
  insert into eba_demo_ir_projects (project,task_name,start_date,end_date,status,assigned_to,cost,budget) values ('Client Server Conversion','Rollout migrated Client Server in ACME Web Express',to_date('01/16/2016','MM/DD/YYYY'),to_date('01/16/2016','MM/DD/YYYY'),'Pending','Pam King','0','200');
  insert into eba_demo_ir_projects (project,task_name,start_date,end_date,status,assigned_to,cost,budget) values ('Load Packaged Apps','Identify point solutions required',to_date('12/19/2015','MM/DD/YYYY'),to_date('12/19/2015','MM/DD/YYYY'),'Closed','John Watson','200','300');
  insert into eba_demo_ir_projects (project,task_name,start_date,end_date,status,assigned_to,cost,budget) values ('Load Packaged Apps','Install in development',to_date('12/20/2015','MM/DD/YYYY'),to_date('12/20/2015','MM/DD/YYYY'),'Closed','John Watson','100','100');
  insert into eba_demo_ir_projects (project,task_name,start_date,end_date,status,assigned_to,cost,budget) values ('Load Packaged Apps','Customize solutions',to_date('12/23/2015','MM/DD/YYYY'),to_date('12/25/2015','MM/DD/YYYY'),'Open','John Watson','1500','4000');
  insert into eba_demo_ir_projects (project,task_name,start_date,end_date,status,assigned_to,cost,budget) values ('Load Packaged Apps','Implement in Production',to_date('12/26/2015','MM/DD/YYYY'),to_date('12/26/2015','MM/DD/YYYY'),'On-Hold','John Watson','200','1500');
  insert into eba_demo_ir_projects (project,task_name,start_date,end_date,status,assigned_to,cost,budget) values ('Load Packaged Apps','Train Administrators of Packaged Apps',to_date('12/28/2015','MM/DD/YYYY'),to_date('12/28/2015','MM/DD/YYYY'),'Pending','John Watson','0','1000');
  insert into eba_demo_ir_projects (project,task_name,start_date,end_date,status,assigned_to,cost,budget) values ('Maintain Support Systems','HR software upgrades',to_date('11/28/2015','MM/DD/YYYY'),to_date('12/01/2015','MM/DD/YYYY'),'Closed','Pam King','8000','7000');
  insert into eba_demo_ir_projects (project,task_name,start_date,end_date,status,assigned_to,cost,budget) values ('Maintain Support Systems','Apply Billing System updates',to_date('12/02/2015','MM/DD/YYYY'),to_date('12/04/2015','MM/DD/YYYY'),'Closed','Russ Saunders','9500','7000');
  insert into eba_demo_ir_projects (project,task_name,start_date,end_date,status,assigned_to,cost,budget) values ('Maintain Support Systems','Arrange for vacation coverage',to_date('12/06/2015','MM/DD/YYYY'),to_date('12/06/2015','MM/DD/YYYY'),'Open','Al Bines','300','500');
  insert into eba_demo_ir_projects (project,task_name,start_date,end_date,status,assigned_to,cost,budget) values ('Maintain Support Systems','Investigate new Virus Protection software',to_date('01/15/2016','MM/DD/YYYY'),to_date('01/16/2016','MM/DD/YYYY'),'Open','Pam King','1700','1500');
  insert into eba_demo_ir_projects (project,task_name,start_date,end_date,status,assigned_to,cost,budget) values ('Migrate Desktop Application','Identify pilot desktop applications',to_date('12/10/2015','MM/DD/YYYY'),to_date('12/10/2015','MM/DD/YYYY'),'Closed','Bob Nile','300','500');
  insert into eba_demo_ir_projects (project,task_name,start_date,end_date,status,assigned_to,cost,budget) values ('Migrate Desktop Application','Migrate pilot applications to ACME Web Express',to_date('12/12/2015','MM/DD/YYYY'),to_date('12/13/2015','MM/DD/YYYY'),'Closed','Bob Nile','1250','1500');
  insert into eba_demo_ir_projects (project,task_name,start_date,end_date,status,assigned_to,cost,budget) values ('Migrate Desktop Application','Plan migration schedule',to_date('12/16/2015','MM/DD/YYYY'),to_date('12/16/2015','MM/DD/YYYY'),'Closed','Bob Nile','600','200');
  insert into eba_demo_ir_projects (project,task_name,start_date,end_date,status,assigned_to,cost,budget) values ('Migrate Desktop Application','Migrate desktop applications',to_date('01/08/2016','MM/DD/YYYY'),to_date('01/12/2016','MM/DD/YYYY'),'Open','Bob Nile','1000','8000');
  insert into eba_demo_ir_projects (project,task_name,start_date,end_date,status,assigned_to,cost,budget) values ('Migrate Desktop Application','User acceptance testing',to_date('01/14/2016','MM/DD/YYYY'),to_date('01/15/2016','MM/DD/YYYY'),'Open','Bob Nile','1500','6000');
  insert into eba_demo_ir_projects (project,task_name,start_date,end_date,status,assigned_to,cost,budget) values ('Migrate Desktop Application','End-user Training',to_date('01/18/2016','MM/DD/YYYY'),to_date('01/19/2016','MM/DD/YYYY'),'Open','John Watson','0','2000');
  insert into eba_demo_ir_projects (project,task_name,start_date,end_date,status,assigned_to,cost,budget) values ('Migrate Desktop Application','Post-migration review',to_date('02/01/2016','MM/DD/YYYY'),to_date('02/02/2016','MM/DD/YYYY'),'Pending','Bob Nile','100','100');
  insert into eba_demo_ir_projects (project,task_name,start_date,end_date,status,assigned_to,cost,budget) values ('Migrate from Legacy Server','Obtain Legacy Server credentials',to_date('01/20/2016','MM/DD/YYYY'),to_date('01/20/2016','MM/DD/YYYY'),'Pending','James Cassidy','0','500');
  insert into eba_demo_ir_projects (project,task_name,start_date,end_date,status,assigned_to,cost,budget) values ('Migrate from Legacy Server','Map data usage',to_date('01/22/2016','MM/DD/YYYY'),to_date('01/24/2016','MM/DD/YYYY'),'Pending','Bob Nile','0','8000');
  insert into eba_demo_ir_projects (project,task_name,start_date,end_date,status,assigned_to,cost,budget) values ('Migrate from Legacy Server','Identify integration points',to_date('01/25/2016','MM/DD/YYYY'),to_date('01/26/2016','MM/DD/YYYY'),'Pending','Bob Nile','0','2000');
  insert into eba_demo_ir_projects (project,task_name,start_date,end_date,status,assigned_to,cost,budget) values ('Migrate from Legacy Server','Create DB Connection to new server',to_date('01/25/2016','MM/DD/YYYY'),to_date('01/25/2016','MM/DD/YYYY'),'Pending','Scott Spencer','0','100');
  insert into eba_demo_ir_projects (project,task_name,start_date,end_date,status,assigned_to,cost,budget) values ('Migrate from Legacy Server','Migrate table structures',to_date('01/19/2016','MM/DD/YYYY'),to_date('01/20/2016','MM/DD/YYYY'),'Pending','John Watson','0','2500');
  insert into eba_demo_ir_projects (project,task_name,start_date,end_date,status,assigned_to,cost,budget) values ('Migrate from Legacy Server','Import data',to_date('01/31/2016','MM/DD/YYYY'),to_date('02/01/2016','MM/DD/YYYY'),'Pending','John Watson','0','1000');
  insert into eba_demo_ir_projects (project,task_name,start_date,end_date,status,assigned_to,cost,budget) values ('Migrate from Legacy Server','Convert processes',to_date('01/31/2016','MM/DD/YYYY'),to_date('02/02/2016','MM/DD/YYYY'),'Pending','Pam King','0','3000');
  insert into eba_demo_ir_projects (project,task_name,start_date,end_date,status,assigned_to,cost,budget) values ('Migrate from Legacy Server','Notify users',to_date('02/05/2016','MM/DD/YYYY'),to_date('02/05/2016','MM/DD/YYYY'),'Pending','Bob Nile','0','200');
  insert into eba_demo_ir_projects (project,task_name,start_date,end_date,status,assigned_to,cost,budget) values ('Migrate from Legacy Server','Cut over to new database',to_date('02/06/2016','MM/DD/YYYY'),to_date('02/06/2016','MM/DD/YYYY'),'Pending','Bob Nile','0','1500');
  insert into eba_demo_ir_projects (project,task_name,start_date,end_date,status,assigned_to,cost,budget) values ('Migrate from Legacy Server','Decommission Legacy Server',to_date('02/20/2016','MM/DD/YYYY'),to_date('02/20/2016','MM/DD/YYYY'),'Pending','Al Bines','0','500');
  insert into eba_demo_ir_projects (project,task_name,start_date,end_date,status,assigned_to,cost,budget) values ('Public Website','Determine host server',to_date('12/05/2015','MM/DD/YYYY'),to_date('12/05/2015','MM/DD/YYYY'),'Closed','Tiger Scott','200','200');
  insert into eba_demo_ir_projects (project,task_name,start_date,end_date,status,assigned_to,cost,budget) values ('Public Website','Check software licenses',to_date('12/05/2015','MM/DD/YYYY'),to_date('12/05/2015','MM/DD/YYYY'),'Closed','Tom Suess','100','100');
  insert into eba_demo_ir_projects (project,task_name,start_date,end_date,status,assigned_to,cost,budget) values ('Public Website','Purchase additional software licenses, if needed',to_date('12/06/2015','MM/DD/YYYY'),to_date('12/07/2015','MM/DD/YYYY'),'On-Hold','Al Bines','300','1000');
  insert into eba_demo_ir_projects (project,task_name,start_date,end_date,status,assigned_to,cost,budget) values ('Public Website','Develop web pages',to_date('01/01/2016','MM/DD/YYYY'),to_date('01/02/2016','MM/DD/YYYY'),'Open','Tiger Scott','0','2000');
  insert into eba_demo_ir_projects (project,task_name,start_date,end_date,status,assigned_to,cost,budget) values ('Public Website','Plan rollout schedule',to_date('01/03/2016','MM/DD/YYYY'),to_date('01/03/2016','MM/DD/YYYY'),'Open','Tom Suess','0','100');
  insert into eba_demo_ir_projects (project,task_name,start_date,end_date,status,assigned_to,cost,budget) values ('Software Project Tracking','Conduct project kickoff meeting',to_date('12/28/2015','MM/DD/YYYY'),to_date('12/28/2015','MM/DD/YYYY'),'Closed','Pam King','100','100');
  insert into eba_demo_ir_projects (project,task_name,start_date,end_date,status,assigned_to,cost,budget) values ('Software Project Tracking','Customize Software Projects software',to_date('12/31/2015','MM/DD/YYYY'),to_date('01/01/2016','MM/DD/YYYY'),'Open','Tom Suess','600','1000');
  insert into eba_demo_ir_projects (project,task_name,start_date,end_date,status,assigned_to,cost,budget) values ('Software Project Tracking','Enter base data (Projects, Milestones, etc.)',to_date('01/02/2016','MM/DD/YYYY'),to_date('01/02/2016','MM/DD/YYYY'),'Open','Tom Suess','200','200');
  insert into eba_demo_ir_projects (project,task_name,start_date,end_date,status,assigned_to,cost,budget) values ('Software Project Tracking','Load current tasks and enhancements',to_date('01/04/2016','MM/DD/YYYY'),to_date('01/04/2016','MM/DD/YYYY'),'Open','Tom Suess','400','500');
  insert into eba_demo_ir_projects (project,task_name,start_date,end_date,status,assigned_to,cost,budget) values ('Training for ACME Web Express','Create training workspace',to_date('12/17/2015','MM/DD/YYYY'),to_date('12/18/2015','MM/DD/YYYY'),'Closed','James Cassidy','500','700');
  insert into eba_demo_ir_projects (project,task_name,start_date,end_date,status,assigned_to,cost,budget) values ('Training for ACME Web Express','Publish links to self-study courses',to_date('12/19/2015','MM/DD/YYYY'),to_date('12/19/2015','MM/DD/YYYY'),'Closed','John Watson','100','100');
  insert into eba_demo_ir_projects (project,task_name,start_date,end_date,status,assigned_to,cost,budget) values ('Training for ACME Web Express','Publish development standards',to_date('12/19/2015','MM/DD/YYYY'),to_date('12/20/2015','MM/DD/YYYY'),'On-Hold','John Watson','1000','2000');

update eba_demo_ir_projects
set start_date = start_date + (SYSDATE - TO_DATE('01012012','MMDDYYYY'))
,   end_date = end_date + (SYSDATE - TO_DATE('01012012','MMDDYYYY'));

delete from eba_demo_ir_dept;

insert into eba_demo_ir_dept (DEPTNO,DNAME,LOC) values (10,'ACCOUNTING','NEW YORK');
insert into eba_demo_ir_dept (DEPTNO,DNAME,LOC) values (20,'RESEARCH','DALLAS');
insert into eba_demo_ir_dept (DEPTNO,DNAME,LOC) values (30,'SALES','CHICAGO');
insert into eba_demo_ir_dept (DEPTNO,DNAME,LOC) values (40,'OPERATIONS','BOSTON');

delete from eba_demo_ir_emp;

insert into eba_demo_ir_emp (EMPNO,ENAME,JOB,MGR,HIREDATE,SAL,COMM,DEPTNO) values (7839,'KING','PRESIDENT',null,to_date('17-11-81','DD-MM-RR'),5000,null,10);
insert into eba_demo_ir_emp (EMPNO,ENAME,JOB,MGR,HIREDATE,SAL,COMM,DEPTNO) values (7698,'BLAKE','MANAGER',7839,to_date('01-05-81','DD-MM-RR'),2850,null,30);
insert into eba_demo_ir_emp (EMPNO,ENAME,JOB,MGR,HIREDATE,SAL,COMM,DEPTNO) values (7782,'CLARK','MANAGER',7839,to_date('09-06-81','DD-MM-RR'),2450,null,10);
insert into eba_demo_ir_emp (EMPNO,ENAME,JOB,MGR,HIREDATE,SAL,COMM,DEPTNO) values (7566,'JONES','MANAGER',7839,to_date('02-04-81','DD-MM-RR'),2975,null,20);
insert into eba_demo_ir_emp (EMPNO,ENAME,JOB,MGR,HIREDATE,SAL,COMM,DEPTNO) values (7788,'SCOTT','ANALYST',7566,to_date('09-12-82','DD-MM-RR'),3000,null,20);
insert into eba_demo_ir_emp (EMPNO,ENAME,JOB,MGR,HIREDATE,SAL,COMM,DEPTNO) values (7902,'FORD','ANALYST',7566,to_date('03-12-81','DD-MM-RR'),3000,null,20);
insert into eba_demo_ir_emp (EMPNO,ENAME,JOB,MGR,HIREDATE,SAL,COMM,DEPTNO) values (7369,'SMITH','CLERK',7902,to_date('17-12-80','DD-MM-RR'),800,null,20);
insert into eba_demo_ir_emp (EMPNO,ENAME,JOB,MGR,HIREDATE,SAL,COMM,DEPTNO) values (7499,'ALLEN','SALESMAN',7698,to_date('20-02-81','DD-MM-RR'),1600,300,30);
insert into eba_demo_ir_emp (EMPNO,ENAME,JOB,MGR,HIREDATE,SAL,COMM,DEPTNO) values (7521,'WARD','SALESMAN',7698,to_date('22-02-81','DD-MM-RR'),1250,500,30);
insert into eba_demo_ir_emp (EMPNO,ENAME,JOB,MGR,HIREDATE,SAL,COMM,DEPTNO) values (7654,'MARTIN','SALESMAN',7698,to_date('28-09-81','DD-MM-RR'),1250,1400,30);
insert into eba_demo_ir_emp (EMPNO,ENAME,JOB,MGR,HIREDATE,SAL,COMM,DEPTNO) values (7844,'TURNER','SALESMAN',7698,to_date('08-09-81','DD-MM-RR'),1500,0,30);
insert into eba_demo_ir_emp (EMPNO,ENAME,JOB,MGR,HIREDATE,SAL,COMM,DEPTNO) values (7876,'ADAMS','CLERK',7788,to_date('12-01-83','DD-MM-RR'),1100,null,20);
insert into eba_demo_ir_emp (EMPNO,ENAME,JOB,MGR,HIREDATE,SAL,COMM,DEPTNO) values (7900,'JAMES','CLERK',7698,to_date('03-12-81','DD-MM-RR'),950,null,30);
insert into eba_demo_ir_emp (EMPNO,ENAME,JOB,MGR,HIREDATE,SAL,COMM,DEPTNO) values (7934,'MILLER','CLERK',7782,to_date('23-01-82','DD-MM-RR'),1300,null,10);

end;
/
show errors